Date,vibration_res_sigstats/ClearanceFactor,vibration_res_sigstats/CrestFactor,vibration_res_sigstats/ImpulseFactor,vibration_res_sigstats/Kurtosis,vibration_res_sigstats/Mean,vibration_res_sigstats/PeakValue,vibration_res_sigstats/RMS,vibration_res_sigstats/SINAD,vibration_res_sigstats/SNR,vibration_res_sigstats/ShapeFactor,vibration_res_sigstats/Skewness,vibration_res_sigstats/Std,vibration_res_sigstats/THD,vibration_res_tsfeat/Minimum,vibration_res_tsfeat/Median,vibration_res_tsfeat/Maximum,vibration_res_tsfeat/Q1,vibration_res_tsfeat/Q3,vibration_res_tsfeat/IQR,vibration_res_tsmodel/Coef1,vibration_res_tsmodel/Freq1,vibration_res_tsmodel/Damp1,vibration_res_tsmodel/MSE,vibration_res_tsmodel/MAE,vibration_res_tsmodel/AIC,vibration_res_tsmodel/Mean,vibration_res_tsmodel/Variance,vibration_res_tsmodel/RMS,vibration_res_tsmodel/Kurtosis,vibration_tsproc_sigstats/ClearanceFactor,vibration_tsproc_sigstats/CrestFactor,vibration_tsproc_sigstats/ImpulseFactor,vibration_tsproc_sigstats/Kurtosis,vibration_tsproc_sigstats/Mean,vibration_tsproc_sigstats/PeakValue,vibration_tsproc_sigstats/RMS,vibration_tsproc_sigstats/SINAD,vibration_tsproc_sigstats/SNR,vibration_tsproc_sigstats/ShapeFactor,vibration_tsproc_sigstats/Skewness,vibration_tsproc_sigstats/Std,vibration_tsproc_sigstats/THD,vibration_tsproc_tsfeat/Minimum,vibration_tsproc_tsfeat/Median,vibration_tsproc_tsfeat/Maximum,vibration_tsproc_tsfeat/Q1,vibration_tsproc_tsfeat/Q3,vibration_tsproc_tsfeat/IQR,vibration_tsproc_tsmodel/Coef1,vibration_tsproc_tsmodel/Freq1,vibration_tsproc_tsmodel/Damp1,vibration_tsproc_tsmodel/MSE,vibration_tsproc_tsmodel/MAE,vibration_tsproc_tsmodel/AIC,vibration_tsproc_tsmodel/Mean,vibration_tsproc_tsmodel/Variance,vibration_tsproc_tsmodel/RMS,vibration_tsproc_tsmodel/Kurtosis,vibration_ps_spec/PeakAmp1,vibration_ps_spec/PeakFreq1,vibration_ps_spec/BandPower,vibration_sigstats/ClearanceFactor,vibration_sigstats/CrestFactor,vibration_sigstats/ImpulseFactor,vibration_sigstats/Kurtosis,vibration_sigstats/Mean,vibration_sigstats/PeakValue,vibration_sigstats/RMS,vibration_sigstats/SINAD,vibration_sigstats/SNR,vibration_sigstats/ShapeFactor,vibration_sigstats/Skewness,vibration_sigstats/Std,vibration_sigstats/THD,vibration_tsfeat/Minimum,vibration_tsfeat/Median,vibration_tsfeat/Maximum,vibration_tsfeat/Q1,vibration_tsfeat/Q3,vibration_tsfeat/IQR,vibration_tsmodel/Coef1,vibration_tsmodel/Freq1,vibration_tsmodel/Damp1,vibration_tsmodel/MSE,vibration_tsmodel/MAE,vibration_tsmodel/AIC,vibration_tsmodel/Mean,vibration_tsmodel/Variance,vibration_tsmodel/RMS,vibration_tsmodel/Kurtosis
07-Mar-2013 01:57:46,7.35283268061025,4.96894064578717,6.22928576026519,2.99491399937674,0.116924705659897,11.1788539944,2.24974593002591,-23.0679098561735,-23.0677111060804,1.25364463058068,0.00421661758578052,2.24670736359402,-18.3819806028818,-10.3635709392,0.1181778591,11.1788539944,-1.3975186176,1.6284556462,3.0259742638,-1.04403227393208,0.11443062990316,0.0938209399275405,1.24368769949768,0.889789503791644,0.218122554936189,0.0651113993063291,1.2436874123693,1.11710553848938,2.99671243831448,7.13299954397524,4.8190443753968,6.04161922052095,2.99561237108894,-3.81697713586209e-16,10.9415510567033,2.27048149059685,-24.1171612445109,-24.1169702499119,1.25369653190286,0.00387002661441726,2.27048342808183,-16.752220545124,-10.6793782319913,0.00207323542367419,10.9415510567033,-1.53371753420645,1.5263175749423,3.06003510914875,-1.04460254947961,0.11461972579954,0.0931566173581446,1.2690247689991,0.898633182405205,0.238290249277005,1.03442616900685e-08,1.2690247689991,1.12650903378148,2.99881809333577,1198.55143413955,0.0404281616210938,5.2201433990283,7.27147916386859,4.91473462910791,6.16070325426134,2.99561210988058,0.34605184950754,11.28767872,2.29670156617365,-24.1171612726733,-24.1169702780755,1.25351696870347,0.00386985416778187,2.27048342860463,-16.752220545124,-10.33338928,0.34811221,11.28767872,-1.18769288,1.872356,3.06004888,-1.04460255007154,0.114619725788172,0.0931566172952871,1.2690247695374,0.898633177996514,0.238290250137259,0.192864578523074,1.26902408479231,1.14289923643099,2.99882075494157
08-Mar-2013 02:34:21,7.0395250327881,4.75498939788248,5.96336197008553,3.01941809096722,0.0149648185097649,9.728766532,2.04601224480805,-20.6864665582692,-20.6854810289051,1.25412729053427,0.00285156712167237,2.04595926258317,-15.4597090463167,-9.403443558,0.0119939961,9.728766532,-1.3617927027,1.3940966067,2.7558893094,-0.961317779847113,0.100959466594367,0.101147940271609,1.12420224668338,0.845987647611942,0.117107942738258,0.00769777070235519,1.12420222794545,1.06031106991102,3.00283788000989,7.15101444019676,4.82886953472906,6.05675055210193,3.01945717806308,-1.81171808392997e-16,9.95783485126327,2.06214617720501,-22.2409003960624,-22.2409003978339,1.25427918657607,0.00301112278517665,2.06214793690984,-36.2303076564423,-9.3522214180736,-0.0030643457793977,9.95783485126327,-1.38777387027368,1.38750805235436,2.77528192262804,-0.960348952524507,0.100947993577449,0.10155186081599,1.14499688314415,0.853692721898863,0.135436237574767,-1.59785502156478e-06,1.14499688314415,1.07004435843272,3.0028574871095,801.06893267353,0.038665771484375,4.28845161127539,7.2777431027988,4.91286267944373,6.16299665419414,3.01945686432827,0.244091962357408,10.20176697,2.07654225970654,-22.2409002401287,-22.2409002419003,1.25446141207675,0.00301025723156887,2.06214794032823,-36.2303076564423,-9.10813999,0.24097804,10.20176697,-1.14366281,1.63156879,2.7752316,-0.960348955724965,0.100947993578484,0.101551859997332,1.14499688676731,0.853692746793108,0.135436241181988,0.12574485142739,1.14499667931813,1.07740730127745,3.00285721552162
09-Mar-2013 02:33:43,7.92955318193479,5.35622586641377,6.71630212307076,3.02017823619454,-0.0103977042073237,11.1830710126,2.08786397204111,-23.2479260761618,-23.2475538461917,1.25392436588333,-0.00301881652497734,2.08783986287312,-16.776132125437,-10.1592317484,-0.014091737,11.1830710126,-1.4167286189,1.3971787394,2.8139073583,-0.949495852051681,0.101068689216915,0.0870835681628475,1.10803343185731,0.840117693588755,0.10263070876164,-0.00525766803326092,1.10803339784032,1.0526438855876,2.99410758060379,7.61066925559025,5.13981895936352,6.44504485517936,3.02241148292422,-2.17309157055054e-17,10.811876310864,2.10355197261712,-23.2598146836201,-23.2595454887717,1.25394394357763,-0.000981813728441312,2.10355376765503,-17.4187575106244,-10.662573432937,-0.000329371980473309,10.811876310864,-1.41896520718838,1.41955930500663,2.83852451219501,-0.948847715945666,0.101029375190943,0.0873892762385594,1.1276418387474,0.847531326748172,0.120172663636405,-4.21115761218896e-06,1.1276418387474,1.0619039100839,2.99529760634289,912.125634252429,0.0387191772460938,4.44109293956943,7.71994090080918,5.21432995034471,6.53838765091817,3.02239564697852,0.218729439640319,11.02775574,2.1148941177516,-23.259812532458,-23.2595433376172,1.25392671986281,-0.00102887326879823,2.10355463762068,-17.4187575106244,-10.44631958,0.21847692,11.02775574,-1.20025092,1.63842916,2.83868008,-0.94884850485275,0.101029373105082,0.0873889591501027,1.12764280064238,0.847531270266403,0.120173524450257,0.110629767650797,1.12764359446761,1.06765191679752,2.99528591302038
10-Mar-2013 03:01:02,7.12198088604003,4.80365475876559,6.02945457012174,3.03621928809409,-0.0154097423822438,9.5701549142,1.9922653468667,-24.4041267615887,-24.4041087406845,1.25518066408068,0.00142866980132631,1.99220745048203,-23.9587919620253,-9.5701549142,-0.0164134648,9.4015823804,-1.3536446557,1.3223475945,2.6759922502,-0.932791393320403,0.0995234571109021,0.0879252160653637,1.08960976556898,0.832313974038792,0.0858545557257878,-0.00756084513753752,1.08960965110347,1.04387018248316,3.01977532489619,7.72567585111189,5.20884538362127,6.53978552717784,3.04146310492406,-5.74511083964298e-16,10.4596905926124,2.00806317375093,-23.6971255730571,-23.6971255775923,1.25551538691119,0.00148247046920943,2.00806488730476,-31.889020451191,-9.06050479127414,-0.000978958604266333,10.4596905926124,-1.34746062850387,1.34772713407032,2.69518776257419,-0.931190674144869,0.0994478302122197,0.0878502852900563,1.10920593428209,0.839756535022619,0.103679117193531,5.29725440281157e-07,1.10920593428209,1.05318756222846,3.02030403011967,740.191628118755,0.038818359375,4.06004658039558,7.84116942171473,5.28604065899808,6.63704818153656,3.04145664156815,0.213717401465399,10.67465305,2.01940426467005,-23.6971255161959,-23.6971255207311,1.25558023664437,0.00147696126522748,2.00806507323127,-31.889020451191,-8.84534931,0.21274857,10.67465305,-1.13368285,1.5614627,2.69514555,-0.931190838323824,0.0994478311188501,0.0878502225098471,1.10920610406033,0.839755596933968,0.103679272767629,0.105009791645636,1.10920775342924,1.05841056151096,3.02036294534361
11-Mar-2013 03:00:24,7.3110101096871,4.93016011237093,6.18958177042949,3.04061535869018,-0.0139425751460951,10.0884711428,2.04627657375379,-20.5998133710659,-20.5996236551771,1.25545248619784,0.00114674476293712,2.04623081953793,-20.0171053359326,-10.0884711428,-0.0112281976,9.8288850344,-1.3879841432,1.3580443459,2.7460284891,-1.01402743796694,0.100254688656358,0.116828394451697,1.24516474584456,0.890270941421397,0.219303937694023,-0.00557298112971893,1.24516468965819,1.11588244125013,3.00604341683379,7.96175785550588,5.36665655878671,6.73846610633173,3.04449013719849,-1.72586156428991e-16,11.0583196482293,2.06056033716631,-20.2222620017016,-20.2221875908748,1.25561716732161,0.00115982924994869,2.06056209551789,-23.3292580394167,-11.0583196482293,0.00162334679716886,10.1589036143937,-1.38286907751501,1.38120441859406,2.76407349610908,-1.01331251805109,0.100192210011658,0.118021895536769,1.27025168638941,0.899112702744031,0.23925115620056,2.45394491481112e-06,1.27025168638941,1.12705346745116,3.0055331677383,493.147953654279,0.0380401611328125,4.25181887219412,7.76283418494251,5.23522583640535,6.57217440022374,3.04447372194661,0.215184568701548,10.84617233,2.07176780313403,-20.2222569219529,-20.222182511039,1.25537552831462,0.00101164018455176,2.0605641649539,-23.3292580394167,-10.84617233,0.21685256,10.37078667,-1.16772068,1.59625113,2.76397181,-1.0133136301616,0.100192220049628,0.118021344145932,1.27025303511247,0.899114425144557,0.239252207575077,0.0858999823735351,1.27025393915233,1.13032321847271,3.00552297189942
12-Mar-2013 06:17:10,7.24710406456039,4.89654437271762,6.13881358977204,3.01281238574416,0.0642256495788919,10.1032050408,2.06333370470258,-18.4755712294692,-18.4751312053947,1.25370324916814,-0.00764330438549387,2.06233564236265,-19.4556142348008,-10.1032050408,0.0656111311,9.767656235,-1.3224980961,1.4563997152,2.7788978113,-1.01364718617042,0.105007961560103,0.125367285672607,1.20789119680647,0.876688198255747,0.188909989275083,0.0335042660622884,1.2078911851431,1.0995506625502,3.01351855337995,7.31529926518924,4.93966211338814,6.19487428724692,3.01799089067861,-7.05308883517636e-16,10.2701852069981,2.07912706805643,-18.1577481870452,-18.1573704432092,1.25410891373658,-0.00843564510546505,2.07912884225168,-19.9228279046831,-10.2701852069981,0.00211113434217122,9.77897164617829,-1.39609745572582,1.40124275499342,2.79734021071923,-1.01370786654865,0.1051062713083,0.126251960622978,1.23228180225817,0.885665118564391,0.208901444720343,1.97090369970249e-06,1.23228180225817,1.11008094261743,3.01037573794196,1782.49362436403,0.0402603149414062,4.3986021632193,7.09857946513305,4.79657187165526,6.01357721426357,3.0179962662742,0.293352793426535,10.07146072,2.09972058993133,-18.1577481908199,-18.1573704469842,1.25372398770881,-0.00842802672142704,2.07912916191624,-19.9228279046831,-9.9783926,0.29547423,10.07146072,-1.10280764,1.69469124,2.79749888,-1.01370812507726,0.10510626014165,0.126251811603,1.2322821608126,0.885665413602257,0.208901738132052,0.153249505976793,1.23228223323129,1.12060945079587,3.01037761062965
13-Mar-2013 06:34:04,7.24478962255206,4.89531316161097,6.13731639478643,3.01288983066492,-0.0161974500304682,9.5919194938,1.95940876040777,-24.4950941312593,-24.49394293106,1.25371272320538,-0.001086494511498,1.95934348314205,-10.8613661692757,-9.5919194938,-0.0165402013999999,9.2859234212,-1.3360676911,1.3053615365,2.6414292276,-0.922983244860637,0.098832596728048,0.0933355619375046,1.07986981601384,0.829396930802602,0.076876651088201,-0.00820272446531674,1.07986978806952,1.03919932148538,2.99766004234978,7.0793935286757,4.78240021852431,5.99667211069793,3.01740947373012,-2.2710747172584e-16,9.43079998270162,1.97198050179323,-24.5199792206644,-24.5189239897899,1.25390428167643,-0.00142772659974591,1.97198218455639,-11.1552294909614,-9.43079998270162,0.000852464225076149,9.40614321670487,-1.32958305682109,1.32894602881677,2.65852908563786,-0.920618802183645,0.0987231978023557,0.0934769353252119,1.09895860017908,0.836739102881187,0.0943992137371859,-1.32933756647507e-06,1.09895860017908,1.04831136816312,2.99608941666073,878.877156690855,0.0124053955078125,3.91485305056669,7.17898943971034,4.84964896609692,6.08083977924471,3.01740890546144,0.212929693817175,9.61900234,1.98344300943116,-24.5199791985975,-24.5189239677176,1.25387215069685,-0.00142942852419106,1.97198218904416,-11.1552294909614,-9.21798038,0.21376379,9.61900234,-1.11662084,1.54187799,2.65849883,-0.920618805992717,0.0987231978191574,0.0934769335882705,1.09895860399236,0.836739050219285,0.0943992165744464,0.108024913042216,1.09895904144627,1.05386267972753,2.99609052259631
14-Mar-2013 06:50:41,7.23633870263521,4.89243196707178,6.13181386405177,3.00552076416361,0.0148781296940239,8.8202015998,1.80282560067546,-22.7809613939031,-22.7809204301048,1.25332634266998,0.0012770987278009,1.80276574582713,-22.8291152055525,-8.8202015998,0.0129163994000001,8.7766925566,-1.2004830384,1.2313744819,2.4318575203,-0.868146112035443,0.0988831115321068,0.0973482559638823,0.972220613657276,0.786967711980386,-0.0281074706439682,0.00758785294236464,0.972220467123914,0.986040761518345,2.99332905387359,7.5279005152979,5.08817047832931,6.3779320875218,3.00574178988549,-2.57666571936707e-16,9.2168561176733,1.81142832319164,-22.7461385179303,-22.746078339747,1.25348238913881,0.00219459379539671,1.81142986894975,-23.1570510131983,-9.2168561176733,-0.00142143597723902,8.64582481871604,-1.22096313884906,1.22181182955104,2.4427749684001,-0.863867226832686,0.0987880392445204,0.0971971280786692,0.985625678212146,0.792319700641313,-0.0144138790204745,-1.48266780723188e-06,0.985625678212146,0.992785976973661,2.99410816515999,551.553365159767,0.105201721191406,3.30934087657074,7.26493082227366,4.90848883018829,6.15351486314802,3.00574715022294,0.244005273541667,8.97168064,1.82778874524929,-22.7461375076768,-22.7460773294794,1.25364752290003,0.0022160834517248,1.81143002178036,-23.1570510131983,-8.97168064,0.24258396,8.88997078,-0.97707319,1.46588361,2.4429568,-0.863867347678029,0.0987880392172495,0.0971970671533132,0.985625833427907,0.792320119569549,-0.0144137087773771,0.12479173283728,0.985623542236379,1.00059723999507,2.99404960700792
15-Mar-2013 06:50:03,8.15113151905932,5.48745035371836,6.89651829830077,3.07585048120549,-0.0192918400137428,10.875055382,1.98180478746946,-18.2120407083141,-18.2102189222072,1.25678008068494,0.00184814089269076,1.98171257829136,-15.1159122840147,-10.1640207578,-0.0206775445,10.875055382,-1.3490276757,1.3105691128,2.6595967885,-0.965397026677302,0.0989635377509442,0.0975465633797874,1.1382931548388,0.851102300574508,0.129562531150955,-0.00769450701117946,1.1382932031983,1.06693508047322,2.9918890351381,7.9578965600987,5.35595824430963,6.73162270214127,3.07107517282736,3.42358935378252e-16,10.6976182500425,1.99733040514422,-18.090968165604,-18.0891409279867,1.25684749489845,0.00154722834044333,1.99733210953938,-15.1647443641184,-10.4190128073204,-0.00206356204307083,10.6976182500425,-1.33786387169235,1.33915178549478,2.67701565718714,-0.964421366287074,0.0988936261146545,0.0976394189893631,1.15976772134788,0.859107582488297,0.148252345845406,-1.11596079003485e-06,1.15976772134788,1.07692420439284,2.99414873309246,3318.48992572264,0.0125350952148438,4.02195425046363,8.07068722923784,5.43228942606763,6.82724180790615,3.07108230205448,0.2098353038339,10.9097929,2.00832320303991,-18.0909679824246,-18.0891407447302,1.25678903910102,0.00155897378592747,1.9973327318254,-15.1647443641184,-10.210639,0.20793701,10.9097929,-1.12816364,1.54903996,2.6772036,-0.964421714931719,0.0988936285718987,0.097639282031698,1.15976810865935,0.859108783221378,0.148252680762655,0.083302092944904,1.15976762479819,1.08014114084474,2.99414034263338
16-Mar-2013 06:56:43,7.47808335930485,5.04781662502705,6.33110347722483,3.00548981306813,0.00405021084170899,9.9500460906,1.97115838980119,-23.8469593893996,-23.844271892511,1.25422612339665,-0.00142300478898441,1.9711559107971,-7.10122401819459,-9.1586972816,0.00547999859999999,9.9500460906,-1.3234286714,1.3300992643,2.6535279357,-0.927884110406584,0.0978984200789599,0.0939309695603547,1.08516077403038,0.831078094328704,0.0817614548082477,0.00207767946752517,1.08516079371812,1.04171169641969,3.00186871675352,7.35432830866602,4.96504428904075,6.22731961729178,3.00716855585392,-2.76899402466244e-16,9.85165623848286,1.98420309366187,-23.6515254932646,-23.6515227232153,1.25423244079357,-0.00197056590784294,1.98420478685501,-29.5811803230242,-8.97914053560791,0.00369587618359681,9.85165623848286,-1.33704393879305,1.33316483874075,2.6702087775338,-0.92581537499774,0.0977811194043337,0.094001604731254,1.10366921606717,0.838399157210691,0.0986736229041777,-4.69994499210577e-07,1.10366921606717,1.05055572554106,3.00087405648761,1231.09150611923,0.0358810424804688,3.96495217004931,7.47567103379699,5.04828260408929,6.33042126660586,3.00717434059053,0.233177354689352,10.08574867,1.99785738259387,-23.6515258740499,-23.6515231040009,1.25397521554716,-0.00195940972491126,1.98420491928803,-29.5811803230242,-8.74622631,0.23681255,10.08574867,-1.10382903,1.56630504,2.67013407,-0.925815497345455,0.0977811202872632,0.0940015539831046,1.10366934827206,0.838398804999671,0.0986737412189454,0.119964519860059,1.10367056376527,1.05738364191429,3.00088269823954
17-Mar-2013 06:56:04,8.05617578367373,5.41324074308232,6.81257074148889,3.11609983197749,-0.0125522294717041,11.3513309098,2.0969566011462,-24.7661795808434,-24.7637406187652,1.25850134232341,-0.000944979931498749,2.09692082182178,-7.55237576305213,-10.6206878748,-0.0111192350999999,11.3513309098,-1.4130919329,1.3871483253,2.8002402582,-0.981226326108732,0.101476491929511,0.0966744787427564,1.1721864526441,0.863690789437717,0.158909603000544,-0.00574056631125418,1.17218626449835,1.08268980694545,3.0053069471554,8.05583674137606,5.41009295781885,6.81084539438516,3.12471588059197,-1.68802648783836e-17,11.4317327301129,2.11303813432473,-24.6781076519306,-24.6756436232928,1.25891467068822,-0.00137489202195713,2.11303993745752,-7.60205676518277,-10.4202405983403,0.00145364638374572,11.4317327301129,-1.40694427886513,1.41189217195934,2.81883645082447,-0.980310545928826,0.101443079101742,0.0971539445857898,1.19526491883142,0.872180532622963,0.178406605303613,-1.22326248906897e-07,1.19526491883142,1.09328078685552,3.00831843910416,772.245620595577,0.012542724609375,4.48490871597131,8.16404046437312,5.48573064903556,6.90479972761508,3.12470894374462,0.216574914375939,11.65229893,2.12411065644438,-24.6780985739983,-24.6756345402085,1.25868369582254,-0.00137105664016357,2.11304259481033,-7.60205676518277,-10.20539665,0.217904695,11.65229893,-1.19037557,1.62841225,2.81878782,-0.980312516043338,0.101443079439164,0.0971531190099773,1.19526717871675,0.872182050644249,0.178408521098432,0.0990261830302644,1.19527048178457,1.09775891104404,3.00837012047305
17-Mar-2013 18:47:56,8.43039700018988,5.67159806187247,7.1320644590848,3.09217076828773,-0.0353191538828343,11.990509718,2.11413248738599,-20.8808537086286,-20.8793982878649,1.25750527122688,-0.0103027201401711,2.11383924590684,-13.67566484882,-11.990509718,-0.0314918395,9.7157901594,-1.449007614,1.3787497332,2.8277573472,-1.03918271891209,0.100553728392548,0.117804526912081,1.27292406263844,0.89986371764288,0.241349429036486,-0.0114368196180276,1.27292425477578,1.12829645180502,3.01586705868122,8.07905410760542,5.43181116450085,6.83198607535662,3.0934952186626,-5.78197578592911e-17,11.5887406246523,2.13349475408673,-20.8008144952535,-20.7995374144517,1.25777311995058,-0.0127439953520137,2.13349657467591,-14.3087567102702,-11.5887406246523,0.00253326538182228,9.99531192543195,-1.42549141918557,1.4295791629308,2.85507058211637,-1.03961898163523,0.100504659583899,0.11855354493929,1.30009047847405,0.90921396201275,0.262466694612218,9.94040815903616e-07,1.30009047847405,1.14021412885838,3.01865077441143,967.344295981442,0.0132064819335938,4.65948202550233,7.91059108155824,5.31996379648243,6.68989288364626,3.09342889564157,0.193807989964808,11.39690495,2.14228994519392,-20.8007961928557,-20.7995191066712,1.25750721989304,-0.0127435571589831,2.13350707540882,-14.3087567102702,-11.39690495,0.19635111,10.19177437,-1.23158765,1.62324393,2.85483158,-1.03962263534135,0.100504670195134,0.11855167897905,1.30009519128675,0.909214093932996,0.262470315486556,0.0623759199289531,1.30009416266877,1.14192061861703,3.01864965295425
18-Mar-2013 18:47:15,8.52358897113333,5.72147690892136,7.2058897875015,3.15863613907533,-0.00993397280788755,12.0742396304,2.11033616365259,-26.2415643924851,-26.2415643423623,1.25944575189415,-0.000157475662097738,2.11031458326482,-29.7919380082905,-12.0742396304,-0.00704667000000011,12.0160921978,-1.4184215382,1.4011415539,2.8195630921,-1.01661848668069,0.0998805072201107,0.10018341141962,1.24826984738295,0.891349315403883,0.221795573788883,-0.00392234193352098,1.24826979158409,1.11726587971012,3.00013371513147,8.51491360380523,5.71375140473366,7.19804738360441,3.16473450288233,4.27633376919052e-16,12.1608368055609,2.12834545015137,-26.2466610099132,-26.2466610149359,1.25977608645015,-0.000264011127195882,2.12834726634647,-28.6818749348798,-11.8888030192969,0.00292499621081102,12.1608368055609,-1.41751574938265,1.42166294961674,2.8391786989994,-1.01639769128283,0.0998113456154623,0.100425876256933,1.27367392730909,0.900347328191906,0.241942658500076,-6.8957800117309e-07,1.27367392730909,1.12857066839749,3.00293596981176,441.011446673646,0.019287109375,4.56787433365582,8.62239781946238,5.78831288281748,7.29024733962175,3.16469134937619,0.219193171039755,12.38475227,2.13961347990776,-26.2466416813491,-26.2466416863718,1.25947706822531,-0.000203895163047367,2.128358035725,-28.6818749348798,-11.666008,0.22239015,12.38475227,-1.19849741,1.64081043,2.83930784,-1.01640331684708,0.0998113964616,0.100423559893527,1.27368096004579,0.900348632147278,0.241948208281009,0.0862846454916404,1.2736822256383,1.13186796576692,3.00293988080086
20-Mar-2013 00:33:54,7.57892815611098,5.09678323557266,6.40946184003359,3.07948016061576,0.129526482334824,11.3863556556,2.23402784252814,-19.4726742741922,-19.472667188818,1.25755040852026,-0.00119805078947421,2.23027168316719,-32.3321544261587,-11.3863556556,0.1329769423,11.027151496,-1.3617202234,1.6212519034,2.9829721268,-1.05575601389299,0.108659164413515,0.104396654177271,1.26928951689319,0.898954705520387,0.238496513181128,0.0674848284571946,1.26929027384918,1.12864622874492,2.99881470280912,7.71109650418852,5.1847974064609,6.52110159147337,3.08167197227127,7.2400814245619e-16,11.6843821528085,2.253585094424,-19.4246093854837,-19.4246054411735,1.2577350820588,-0.00232014060600266,2.25358701749067,-33.5539608713627,-10.951351584346,0.00357905950958434,11.6843821528085,-1.50639321378102,1.50911503625556,3.01550825003658,-1.05628817342317,0.108800786870762,0.104054925541592,1.2961058531828,0.908304558757705,0.259403346820557,1.49233961386268e-06,1.2961058531828,1.13846547648961,3.00071586041823,4399.68256325278,0.0401611328125,5.14917141259298,7.84177700125686,5.27708451198228,6.63390057313068,3.08167210227541,0.358653626182467,12.04202366,2.28194633469619,-19.4246083583737,-19.4246044140626,1.25711471136526,-0.00230801639234755,2.25358721119319,-33.5539608713627,-10.59110928,0.36224541,12.04202366,-1.14761293,1.86780292,3.01541585,-1.05628834488815,0.108800779156051,0.104054877103307,1.2961060839717,0.908304058268792,0.259403517332408,0.187192137116296,1.29610833968824,1.15375345020322,3.0007189400469
21-Mar-2013 00:33:14,8.74349351405982,5.86630399438216,7.38919411872101,3.14551825291475,-0.0383244474025532,12.6574493312,2.15765315662491,-21.4337839384604,-21.4330131788366,1.25959959214477,0.00168674954502947,2.15731460938884,-14.719447942697,-12.6574493312,-0.0401356790999998,12.6138460974,-1.4757756699,1.3993823398,2.8751580097,-1.03325651134475,0.101111647545195,0.108279251778054,1.26015489322245,0.895994806265081,0.231270558060354,-0.0141427721505311,1.26015457416544,1.12265419497734,2.9852941717232,8.92760774698969,5.98756149071434,7.54468521201078,3.15482418371865,6.68516696993917e-16,13.0419626743565,2.17817598943782,-21.4011510879587,-21.4004503918903,1.26005974614395,-0.000197601307920353,2.17817784815514,-14.7790762030138,-12.4716590951443,-0.000460648859958723,13.0419626743565,-1.45069709319721,1.45069669316593,2.90139378636314,-1.03365303412987,0.101081202698644,0.108359060887051,1.28574188795229,0.905065145900414,0.251371621952056,-9.57212319932655e-07,1.28574188795229,1.13390462280333,2.98504335602633,1160.00553062076,0.0192718505859375,4.78965270157927,9.02422922449774,6.05209712540686,7.6257703221434,3.15482725997783,0.19080269644509,13.23301315,2.18651698341844,-21.4011510753658,-21.4004503792953,1.26002114046224,-0.000192857970961144,2.17817789609509,-14.7790762030138,-12.28154278,0.19030897,13.23301315,-1.259884775,1.641610265,2.90149504,-1.0336530531036,0.101081202765807,0.108359052410254,1.2857419233355,0.905065143801216,0.251371651880412,0.0701597246101447,1.28574355259137,1.13607382911827,2.98506404325939
22-Mar-2013 00:39:50,9.10926718487102,6.09069645110591,7.69267276120758,3.25206410406342,-0.0234348566503379,13.178434937,2.16369918330229,-26.0768973646855,-26.07233298285,1.26302021828896,0.0021976785342117,2.16357411528569,-3.32802161011248,-12.9532048424,-0.0235109437999999,13.178434937,-1.4557669593,1.4099597188,2.8657266781,-1.01932167683615,0.102408874094286,0.103205663435604,1.23623466805444,0.886891771666513,0.212111202815334,-0.0100262871370767,1.23623481385799,1.11190522547814,3.0100890903199,9.14060669936661,6.10818977713547,7.71767759120699,3.26907288044632,3.51187119883614e-17,13.3531508099954,2.18610608006642,-25.883714604943,-25.8789295888029,1.26349669424094,0.00202036170498753,2.18610794555077,-3.34706805718172,-13.0844098047344,0.00108825422507541,13.3531508099954,-1.4480146097855,1.44895341243349,2.89696802221899,-1.01984152262753,0.102420354191528,0.103555388748313,1.26333938808904,0.896667598090983,0.23379932172864,-1.31828398898902e-06,1.26333938808904,1.12398275430988,3.00897162682232,742.62921341096,0.00630950927734375,4.80110903310909,9.23730299775752,6.17527642091761,7.80112434902668,3.26908250195669,0.205692287197305,13.5594368,2.19576191829566,-25.883713152082,-25.8789281343402,1.26328342527337,0.0020374738838807,2.18610824094417,-3.34706805718172,-12.87993717,0.20679872,13.5594368,-1.24239212,1.65440828,2.8968004,-1.01984170153933,0.102420353655012,0.103555300800151,1.2633396135979,0.896667430761033,0.233799510335689,0.0878271331828029,1.26333838545323,1.12740845955373,3.00896932825023
23-Mar-2013 00:39:11,8.79278026986904,5.86002760316107,7.4193164539142,3.33446670578524,-0.0196500165706022,12.7612944154,2.17768503488212,-25.9914496058186,-25.9914482295818,1.26608899417334,-0.00103667987577707,2.17759823680124,-28.9233236058157,-12.7612944154,-0.0197195338,11.879665172,-1.4525350523,1.4150328886,2.8675679409,-1.01709572624263,0.101381216009057,0.0947417208397582,1.23988699695502,0.888671325268374,0.215054146676283,-0.00843943715335962,1.2398870154792,1.11353317126137,3.01076380742724,8.88235311585118,5.91356538356077,7.49138197432031,3.34784725681337,1.76757716140316e-16,12.9998140938519,2.19830394198232,-25.9378468463467,-25.937846136542,1.26681307949105,0.000477321433172623,2.19830581787556,-29.7816685376618,-12.9998140938519,-0.00294400188215763,12.0886167809339,-1.44628937599091,1.44421604833042,2.89050542432133,-1.01708754457081,0.101336572912713,0.0945149422491357,1.26413727371194,0.897142762968013,0.234423825144658,-1.0400400054229e-06,1.26413727371194,1.12433763445264,3.01242381073659,457.212499521634,0.104415893554688,4.86785968440484,8.70070817962462,5.79255560282358,7.33759906989274,3.34784391037109,0.209477127277041,12.79148197,2.20826226748083,-25.9378464755779,-25.9378457657731,1.26672915600776,0.000508814370528091,2.19830612579326,-29.7816685376618,-12.79148197,0.20647877,12.2976265,-1.23684216,1.653737545,2.890579705,-1.01708774694552,0.101336573832545,0.0945148658156053,1.26413752296565,0.897143148491585,0.2344240188323,0.0899028912107793,1.26413737088391,1.12792630223137,3.01241942713552
24-Mar-2013 00:45:49,8.09347628459562,5.44058185070338,6.84524317684379,3.1119288395851,0.117691823978229,11.9200610162,2.19095334714226,-23.2856666295493,-23.275056654239,1.25818218798763,0.00237456020383482,2.18779189430571,-2.79932939580683,-11.881957066,0.1181873446,11.9200610162,-1.3435860583,1.5787227028,2.9223087611,-0.987754932838928,0.105278182742509,0.0801180924299024,1.13840167961759,0.851426305672661,0.12966724122458,0.0608230693107295,1.13840199249718,1.0686905517407,3.00014361688904,8.27309464707867,5.56012532255891,6.99594734431316,3.109126251545,-2.6764678601351e-16,12.284446145277,2.20938296038683,-23.4198128199714,-23.4101304783015,1.25823555018243,0.00170065982646408,2.2093848457342,-3.06486966204933,-12.284446145277,-0.00157804651307283,11.5818817490603,-1.47676800150991,1.4747310727888,2.95149907429871,-0.987715457762213,0.105335671931984,0.0798406041134981,1.15995312019095,0.859547971168048,0.148421554773964,-2.70082611596214e-06,1.15995312019095,1.07701027875311,2.99634223676551,948.645909500357,0.040191650390625,4.95872380592487,7.9410673232137,5.33817834627284,6.71555424206379,3.10912679394841,0.346818967825872,11.93850708,2.23643840755818,-23.4198128165991,-23.4101304749217,1.25802358153744,0.00170324083700665,2.20938491107147,-3.06486966204933,-11.93850708,0.34536803,11.92825603,-1.12982494,1.82161307,2.95143801,-0.987715510404506,0.105335670305582,0.0798405866397396,1.15995320265314,0.859547910379777,0.148421629871451,0.179375993460385,1.15995429881731,1.09184617331692,2.99633850604394
25-Mar-2013 00:45:12,7.09906732108237,4.7880209869963,6.0092819704436,3.03587057607197,-0.032944135301351,9.1693618042,1.91506299347954,-26.3515447880771,-26.3514472705554,1.25506592113195,0.00116461773111888,1.91478124344817,-18.7792802049606,-9.1693618042,-0.031762587,8.655551776,-1.3221780692,1.2537651697,2.5759432389,-0.882500456357846,0.0975234441950327,0.0862797174037463,1.00781878377208,0.80107257613544,0.00782185623868044,-0.0174329026111537,1.00781869870708,1.00405223210028,2.99181120413542,6.85988027666812,4.62631907489661,5.806903522397,3.03468332758355,-1.36048629073697e-16,8.91843848156529,1.92776121516534,-26.2389089520506,-26.2388130742477,1.25518872096533,0.00218927829276311,1.92776286019456,-18.9644790510698,-8.91843848156529,-0.00079051900983633,8.90104787274872,-1.29872960408591,1.29343520049016,2.59216480457607,-0.879090477456298,0.0973944992527639,0.0859824729845993,1.02359759362104,0.807201271260145,0.0233568734069724,2.1732411835237e-07,1.02359759362104,1.01172913701085,2.99474045065794,303.455028569939,0.104354858398438,3.74030413992099,6.95919414436549,4.69377063091351,5.89149943302871,3.03466585382446,0.196183008546292,9.09520626,1.9377185157064,-26.2389105746999,-26.2388146969931,1.25517412253315,0.00214045263033216,1.92776337129904,-18.9644790510698,-8.72307968,0.195237445,9.09520626,-1.10237682,1.48967075,2.59204757,-0.8790910026414,0.0973945030609915,0.0859822740769737,1.02359815407764,0.807201710775297,0.0233574248656528,0.104036227574422,1.02359873856292,1.01706466277445,2.99474525061416
26-Mar-2013 01:41:50,7.88568834877773,5.30571238524499,6.67107875980457,3.08728813058259,0.0303929694111432,11.7117705764,2.20738889069262,-21.8028819020862,-21.8026679305749,1.25733893498574,-0.000596952452002781,2.20718152775616,-19.3140081718016,-11.7117705764,0.0340304088,11.632791483,-1.4472602761,1.5068112708,2.9540715469,-0.989246816615808,0.102957297293192,0.0905970029499146,1.1649502090511,0.860936459886007,0.152711991492011,0.0158698420583105,1.16495001471882,1.07944424516476,3.00511381271644,7.96431376479384,5.35442126269762,6.73490218151321,3.09208702289054,-1.19908088446449e-16,11.9325007298703,2.22853229965298,-21.8266933738005,-21.8264841761782,1.25782075243741,-0.00103757059667084,2.22853420134118,-18.9511524451866,-11.9325007298703,0.00185021129729365,11.7790986534793,-1.49136091103692,1.49009913243548,2.98146004347241,-0.988907020673996,0.102989097958012,0.0906110777443846,1.18766746006108,0.869453927931283,0.172024933345942,-1.10912739059234e-06,1.18766746006108,1.08980063915592,3.00333094749318,1779.13472352957,0.0402450561523437,5.00938762344462,7.97574221588848,5.36507314404227,6.74627577979043,3.09207177180321,0.259520113258786,12.03703976,2.24359285266534,-21.8266932656058,-21.8264840679782,1.25744339334533,-0.00103314671806935,2.22853464754293,-18.9511524451866,-11.67455959,0.26146102,12.03703976,-1.23178458,1.74962431,2.98140889,-0.988907432230596,0.102989090821388,0.0906109104170548,1.18766801679767,0.869453504958198,0.172025406367821,0.135782979667531,1.18766647204185,1.09822650789957,3.00332720133862
27-Mar-2013 03:58:27,8.11622974103323,5.44618883453399,6.85962840042208,3.12976206142664,0.0911659298362067,10.4226166938,1.91374500783204,-26.4866118718563,-26.4865108210347,1.25952819647485,-0.00766723455952008,1.91157394955343,-17.1407181000822,-10.4226166938,0.0922274242,9.5444208048,-1.1806622436,1.365698926,2.5463611696,-0.931645962256322,0.105414697339645,0.0966435084426595,1.05316786661203,0.818824688837138,0.0518377895676765,0.0475911311665142,1.05316797013845,1.02734175837103,3.00704101010484,7.81110499746838,5.23892496926755,6.60090135724379,3.13797674069517,1.70742909114685e-17,10.0763385287033,1.92335996178851,-26.4770718355981,-26.4769273711339,1.25997249358711,-0.00744491061664533,1.92336160306198,-15.9258873066925,-10.0763385287033,0.00162612350674013,9.86175689515114,-1.27761747331726,1.28210333263229,2.55972080594955,-0.929520469677197,0.105511027473098,0.0965022652466998,1.07045908695451,0.825295435270478,0.0681227315328702,2.14392410893854e-08,1.07045908695451,1.03462904464982,3.00969313429779,471.999382316794,0.0400924682617188,3.78491912220565,7.78019305577974,5.22198275141863,6.57632966205313,3.13797960279633,0.320293073683849,10.18206501,1.94984654195457,-26.4770718355904,-26.4769273711262,1.25935491844866,-0.00746906271807968,1.92336169184191,-15.9258873066925,-9.75626087,0.321925505,10.18206501,-0.95738396,1.60247165,2.55985561,-0.92952055059191,0.105511024964658,0.0965022367925258,1.07045918178206,0.825295137206601,0.0681228172698793,0.167609512799366,1.07045969165433,1.04811774792369,3.00969837626041
28-Mar-2013 09:55:31,7.70807748631002,5.17136635123685,6.51434453744384,3.12741767972152,0.0517032958051009,11.4801977944,2.21995445974433,-24.8105018741643,-24.8104984913397,1.25969503898825,0.00212773431439169,2.21935418056832,-28.0182781166538,-10.6021559308,0.0527800906,11.4801977944,-1.4272971144,1.5298816429,2.9571787573,-0.999725116436214,0.105675427690623,0.0879898514968234,1.17344525218824,0.864306718381384,0.159977684640584,0.0270119329204749,1.17344532665933,1.08359262109627,3.00479314235544,7.50995047351746,5.0368470618961,6.34605991184974,3.13121193656987,4.34642567364243e-16,11.294989087501,2.24247211573049,-24.655069510569,-24.6550671364109,1.2599270602949,0.00156791987386342,2.24247402931404,-28.1636487397505,-10.5332432221471,0.00179933471367752,11.294989087501,-1.49480453246567,1.49074608530095,2.98555061776663,-0.99975972580241,0.105754300154505,0.087696975747666,1.19651669344144,0.872643011118665,0.179448140339461,7.68753632875004e-08,1.19651669344144,1.09385312148435,3.00651495243791,683.918463503985,0.040313720703125,5.06917474094788,7.63583547644436,5.12368421115501,6.45376885897751,3.13122473329487,0.280830439652744,11.5794735,2.25998969155628,-24.655069648505,-24.6550672746524,1.25959536009786,0.00156632940985051,2.24247547421044,-28.1636487397505,-10.25619602,0.28249776,11.5794735,-1.21423036,1.77141166,2.98564202,-0.999761070911331,0.105754264351016,0.0876965252994799,1.19651847113021,0.872643542728237,0.179449618691741,0.146802667879199,1.19651900756122,1.10366117481469,3.00651229227097
29-Mar-2013 09:55:05,8.54389133466099,5.74657880058822,7.2276947047481,3.10665781981612,-0.025744924267279,11.7922399852,2.0520452941484,-23.0865667674447,-23.0863394097769,1.25773872691144,0.00491722125459707,2.05188554105631,-16.3842026483221,-10.0457186976,-0.0256320841,11.7922399852,-1.4003269239,1.3457368423,2.7460637662,-0.925352933125028,0.0980963367410943,0.0827047170931406,1.08003314345111,0.828925041519977,0.0770248751547931,-0.0132608226259475,1.08003314111415,1.03933014353938,3.01157386555462,8.45047901131922,5.6832486851662,7.14831159228455,3.10861526441033,1.31404130906728e-16,11.7576240967579,2.06882097689062,-23.1971078375802,-23.196887950391,1.25778616919268,0.00609260223191921,2.0688227422913,-17.3043578142815,-9.89589329117535,0.000108681242801709,11.7576240967579,-1.38490450213325,1.38357459358231,2.76847909571556,-0.923339330549718,0.0980050018163678,0.0822879134551638,1.09781500033416,0.835644206676689,0.0933549899105119,-9.37295965075706e-08,1.09781500033416,1.04776577856175,3.01140772146872,742.099213256872,0.0359344482421875,4.30220813243839,8.55517672393363,5.753906937377,7.23683927265713,3.10861535895967,0.203382219580364,11.96118736,2.07879402468276,-23.1971076331836,-23.196887745984,1.25772615918535,0.00609218020359631,2.06882275084513,-17.3043578142815,-9.69252872,0.20345156,11.96118736,-1.18145382,1.58694792,2.76840174,-0.923339338780533,0.0980050018637829,0.0822879104905358,1.09781500987215,0.835644187934764,0.0933549981268661,0.104927288625301,1.09781509948176,1.05300662949992,3.01140639388777
30-Mar-2013 10:01:42,8.09759925598991,5.43103468277487,6.84411077985611,3.15333585182321,-0.0316660907144849,10.9127307224,2.00932812250508,-26.8216947260255,-26.8216681390129,1.26018543051529,0.0023129208556799,2.00908029988894,-23.1224731157377,-10.6113825784,-0.0305162626000001,10.9127307224,-1.3679992483,1.3048793541,2.6728786024,-0.940978973303615,0.0985094677437458,0.0930526385033874,1.11798968151696,0.843747529338383,0.11156582927031,-0.0155935048475358,1.11798963466068,1.05746436536348,2.99971428226068,8.08311304787893,5.41793937102276,6.83027694706412,3.16135792478285,1.41153939069242e-16,10.9717088449486,2.02507043611997,-26.5851076688683,-26.5850954249081,1.26067799569613,0.00275674201323918,2.02507216418671,-23.8785311599747,-10.9717088449486,0.00185361807849889,10.8455878306011,-1.34270510871174,1.34708759455131,2.68979270326305,-0.939349510277728,0.0984034881917564,0.0931812015458134,1.13952935176362,0.851930725659378,0.130649116242726,-6.52655394350967e-07,1.13952935176362,1.06748649029498,2.99945677706017,540.049340496344,0.03887939453125,4.13323278456736,8.09401590248319,5.42669028142497,6.84039129583808,3.16135614611926,0.197461053133158,11.04155064,2.03467492475002,-26.5851089700127,-26.5850967260562,1.26050888130691,0.00276012579739931,2.02507238903213,-23.8785311599747,-10.77340794,0.19934143,11.04155064,-1.14513958,1.54447448,2.68961406,-0.939349712085327,0.0984034902515824,0.0931811269080459,1.13952956932673,0.851931018049121,0.130649305676473,0.0973334950452345,1.139529919307,1.07191500771377,2.9994498082845
31-Mar-2013 19:38:18,8.03528974039732,5.39923810654316,6.79460677523559,3.10435663354064,0.021417150426749,11.420172613,2.11514520894351,-19.0595286450658,-19.0591600382191,1.2584380686974,-0.00257394966601173,2.11503858007043,-21.1415240272409,-11.420172613,0.0219701574,10.7607277404,-1.3903840782,1.4311950608,2.821579139,-0.979913852842361,0.104129167500264,0.0984169833527692,1.14862155494907,0.855088797346081,0.138596579930765,0.0110983259137077,1.14862165338067,1.07179422740536,3.00972907916544,8.15257474339852,5.4768223640895,6.89234680998262,3.10589700141956,-2.36760266871812e-16,11.6885135732046,2.13417795870905,-19.1302641724903,-19.1300638395859,1.25845724980501,-0.0027384445318236,2.13417977988123,-22.6518282397261,-11.6885135732046,0.00140868768433769,10.8668533739394,-1.426687490796,1.4250297277379,2.8517172185339,-0.979079704586885,0.104180254542658,0.0984347933941626,1.17064254782601,0.863250462434933,0.157586739677565,8.55220833666392e-07,1.17064254782601,1.08196143643154,3.00739352312816,1803.69554643963,0.04052734375,4.61187351385446,7.91845037631068,5.32299232970644,6.69702839881684,3.10589567234359,0.250544294274392,11.43822765,2.14883414093344,-19.1302640030236,-19.1300636701114,1.25813226546321,-0.00273891939217933,2.13417981793061,-22.6518282397261,-11.43822765,0.25196096,11.11776066,-1.17610085,1.67562342,2.85172427,-0.979079738647155,0.104180253745915,0.0984347787748317,1.1706425942558,0.863250781071544,0.157586780788168,0.129958712621691,1.17064385652923,1.08973901720162,3.007407920083
01-Apr-2013 19:37:39,7.80926995402397,5.26600153804501,6.60980616430611,3.04643974675413,-0.0588140352949168,9.856611988,1.87174498844891,-25.5640882131233,-25.5628785823607,1.25518500451483,0.00154867966061601,1.87082232837432,-9.25390187522548,-9.7854513812,-0.0590827863,9.856611988,-1.3186869008,1.1993525436,2.5180394444,-0.904568075224729,0.0962377523462841,0.109865448205748,1.05659808419034,0.820316455478956,0.0550880370569102,-0.0307455610297321,1.0565981123108,1.02836841577736,3.00811507931627,7.81940317142688,5.27568723676479,6.62120785481957,3.04527677027245,2.23906042179939e-16,9.9305487116201,1.88232324357988,-25.8158667685702,-25.8153814223235,1.25504177136928,0.00218409666537443,1.88232484983522,-12.1233303275635,-9.57545527783404,-0.000753246975314453,9.9305487116201,-1.2653137588856,1.26390483932206,2.52921859820766,-0.901933302781221,0.0960356592894524,0.110035381272168,1.07442403860528,0.826957541431554,0.0718183030905383,3.13613184856391e-07,1.07442403860528,1.03654339268407,3.00900647467089,752.997325622865,0.0386199951171875,3.56519807693246,7.92151543299088,5.34445690264145,6.7075847089506,3.04529080626734,0.170313108552726,10.10109329,1.8900130497839,-25.8158673749994,-25.8153820288204,1.25505450434738,0.00219016094141281,1.88232537580462,-12.1233303275635,-9.40678883,0.169579875,10.10109329,-1.09493184,1.43423927,2.52917111,-0.901933803909144,0.0960356685990757,0.11003513451363,1.0744245833907,0.826957284904395,0.0718188138876131,0.0892211111192703,1.07442456657036,1.04037644127039,3.00901799685829
02-Apr-2013 19:44:15,10.808932244789,7.11536767712509,9.08669852243267,3.68659561481077,-0.0287663832920189,15.0814523914,2.11956051686334,-24.8769161611309,-24.8766405067034,1.27705256211076,-0.0106962234351774,2.11936710971024,-15.2748824553757,-15.0814523914,-0.0250410257,14.2006916412,-1.4029879116,1.344964042,2.7479519536,-0.981129190888533,0.0995962901107247,0.0910278529031977,1.18212443911552,0.866330420968207,0.167350228432442,-0.0131331541938373,1.18212464875295,1.08733394640015,3.03807533691188,10.5622610927306,6.94703008635726,8.8776129849777,3.7165038665492,-7.7222361167778e-17,14.8631830756178,2.13950175698915,-25.1077614113425,-25.1075546828491,1.27790046604401,-0.00984391003017925,2.13950358270432,-15.751877193274,-14.8631830756178,0.00344216008577851,14.4786104678875,-1.38733845730061,1.3836935848852,2.77103204218581,-0.981076878713644,0.0995461912938983,0.090988632671835,1.20570172894269,0.874807870342611,0.187098546535618,6.82859549596164e-07,1.20570172894269,1.09804356525911,3.04121986523669,824.527074299817,0.0125198364257812,4.60248871987116,10.3784396262282,6.83181759395122,8.72643190846477,3.71650015750731,0.200360760555624,14.68064213,2.14886330440057,-25.1077598203816,-25.1075530918124,1.27732214574801,-0.009831791600362,2.13950388615589,-15.751877193274,-14.66339016,0.20390688,14.68064213,-1.18692994,1.584074555,2.771004495,-0.981077098623744,0.0995461931745594,0.0909885500576011,1.20570201495292,0.874807910743242,0.18709878993974,0.0914503923120515,1.20570060387834,1.10184468978076,3.04122772470491
03-Apr-2013 21:29:42,8.30046263171245,5.51445478806262,6.99341098185889,3.33251162527588,0.0293388045009482,12.7419083548,2.3106379224258,-24.0325320337156,-24.0325319001854,1.26819626792441,1.0100719480752e-05,2.31045362508038,-32.996977760396,-12.7419083548,0.028767341,12.7065971978,-1.4878958667,1.5444564303,3.032352297,-0.980080534590781,0.102967164164094,0.0705243884833791,1.14989154516878,0.854678199895872,0.139734046390487,0.0148956514465211,1.14989138586391,1.07243242388955,3.01660678409066,8.21107858866856,5.45027950626079,6.91593567412405,3.34724619053651,-5.09269830339511e-16,12.7246247127297,2.33467379023641,-25.7194491166122,-25.7194478651398,1.26891394582235,0.000510678957686026,2.33467578249903,-29.3971239378057,-12.6513791766917,-0.00251654220494552,12.7246247127297,-1.53026345007803,1.5293200099502,3.05958346002823,-0.978863328189769,0.102964598026681,0.0701339523503486,1.17177751670442,0.862810250544237,0.158587120847438,7.13513579694492e-06,1.17177751670442,1.08248580448733,3.01570678383349,920.486616654015,0.105445861816406,5.51650344318064,8.32498320058289,5.52763471803947,7.01249801197324,3.34724306368899,0.258465948348591,12.98406792,2.34893739950406,-25.7194490841402,-25.7194478326678,1.26862543740235,0.00051575478583537,2.33467590104167,-29.3971239378057,-12.39257813,0.255960345,12.98406792,-1.27183986,1.78769219,3.05953205,-0.97886343371852,0.102964597340494,0.0701339195483146,1.17177767599576,0.862810109295479,0.15858726289172,0.131455715813982,1.17177637899916,1.09043797823742,3.01564475843367
04-Apr-2013 21:29:01,8.55482239615695,5.70895492966086,7.21938203155893,3.27575295836908,-0.0253657675525013,12.4200001068,2.1755295425914,-25.1542758720943,-25.1542758464944,1.2645715582813,0.000234106386835528,2.17538351676034,-29.3163753977238,-12.4200001068,-0.0267537689,11.1649196188,-1.4617224668,1.413465958,2.8751884248,-0.948112831138497,0.0999255643189485,0.0756433942046756,1.10782831144526,0.839837569371489,0.102435500107218,-0.0129259698357467,1.10782822213452,1.05261266006655,3.01270468414204,8.28960645366839,5.52906020502633,6.99429607602008,3.27881802977159,-3.64380890133385e-16,12.1565842786365,2.19867099070205,-26.6526688579185,-26.6526688589643,1.26500631511694,0.000958427742177407,2.1986728669085,-31.8677144341149,-12.1565842786365,-0.00017936718716266,11.2619167329556,-1.4506100022516,1.45217835309202,2.90278835534363,-0.947025161739567,0.0999085147892608,0.0753144118714865,1.1289340153397,0.847813797804013,0.121307601118887,1.00688957900832e-06,1.1289340153397,1.06251215928182,3.01159942972093,572.708908872133,0.103874206542969,4.86630875658361,8.11432970591917,5.41296942517728,6.84647953169152,3.27881977083136,0.203761376295142,11.95233917,2.20809286570255,-26.6526688835575,-26.6526688846033,1.26482878322692,0.00095204643601891,2.19867315793501,-31.8677144341149,-11.95233917,0.20361154,11.46591568,-1.24670529,1.655940295,2.902645585,-0.947025445946688,0.0999085155254353,0.0753143221421023,1.12893435388228,0.847813031847815,0.121307898293719,0.103995053400406,1.12893514121515,1.0675898958055,3.01162974035955
05-Apr-2013 21:35:37,8.92034577829773,5.92601039515274,7.51582113525127,3.34718601459574,-0.017217101979862,13.1897223936,2.22573392790345,-23.2975559001174,-23.2968996201528,1.26827673832617,0.008796823431089,2.22566923494747,-12.6945400172294,-12.0463420926,-0.0190067886,13.1897223936,-1.4796653824,1.4441186464,2.9237840288,-0.960210039526933,0.101266394257498,0.075072606689884,1.13564860311941,0.849615197805262,0.127277550369236,-0.0089277316982377,1.1356486891022,1.06570467546913,3.02272602094267,8.58665695080421,5.69887416709109,7.23166410529906,3.35748920508866,-5.94689791405125e-17,12.8068742253457,2.24726390684334,-23.3767905954256,-23.376200897003,1.26896363970612,0.00890872372619917,2.2472658245159,-13.0378065113775,-12.2811660379616,-0.00158618551099073,12.8068742253457,-1.47543396177446,1.47280559123007,2.94823955300452,-0.959016366143785,0.101257318137357,0.0748746170699272,1.15722267219939,0.857782108935366,0.146095425786525,1.57908990775132e-06,1.15722267219939,1.07574192871872,3.02394889483118,969.653271579602,0.0388259887695312,5.06631483341769,8.68931941260538,5.76777557351497,7.31812307593118,3.35748794626304,0.211910041867781,13.01921368,2.25723305528441,-23.376790357747,-23.3762006594289,1.26879469956065,0.00891090124474498,2.24726585411268,-13.0378065113775,-12.06876373,0.210299715,13.01921368,-1.26351494,1.68474209,2.94825703,-0.959016402446439,0.101257318048561,0.0748746068029794,1.15722270418715,0.857782166223984,0.146095447624007,0.110315631907092,1.15722173277624,1.08138304796334,3.02394181778035
06-Apr-2013 22:12:09,8.25613622624769,5.48325492028662,6.95670515278561,3.35811959737704,0.0325319751710385,13.1195175506,2.39265139799742,-23.3744589685166,-23.3744589699214,1.26871817085279,-0.000512924731990806,2.3924322668486,-35.3741370129899,-13.1195175506,0.0286260916,12.8998096516,-1.5334628371,1.6010442956,3.1345071327,-0.98509480196263,0.103880197291957,0.0657465607386441,1.15630389282688,0.857919464938352,0.145270981087479,0.016698060556419,1.15630411487113,1.07544454374307,3.01367729481974,8.5164339959095,5.65306475119489,7.174960926755,3.36968943703746,-3.54849361258091e-16,13.6714482768766,2.41841352940223,-23.4549781343331,-23.4549781350275,1.26921612303104,-3.74503966329414e-05,2.41841559312303,-35.1903397541409,-13.6714482768766,-0.00348450434657877,12.8930083176436,-1.58177975697868,1.58607613228317,3.16785588926186,-0.984659034045955,0.103906440917029,0.0654361301819504,1.17779205894319,0.865608396764574,0.163683978880718,-1.8907222939837e-06,1.17779205894319,1.08526035993358,3.01571035554845,809.644375049462,0.106941223144531,5.88106929038757,8.30501620717171,5.51243416859062,6.996040776101,3.36969001938551,0.261659119018681,13.40914726,2.43252741890401,-23.4549777712919,-23.4549777719168,1.26913819959318,-3.96301488843635e-05,2.41841562412653,-35.1903397541408,-13.40914726,0.25817537,13.15478611,-1.32023233,1.847744405,3.167976735,-0.984659068643736,0.103906440590345,0.0654361198590666,1.17779210458075,0.865608370460115,0.163684014518299,0.134533266653055,1.17779399909337,1.09356809976462,3.01572396389219
07-Apr-2013 22:11:31,9.95017060934733,6.58606148836772,8.37739550078962,3.5235083145494,-0.059437631341311,13.6904306802,2.07869767149608,-26.7913035344719,-26.7862759636022,1.27198865597987,-0.00267890650791623,2.07784950031161,-2.46800798356493,-13.0992547834,-0.0589407609999999,13.6904306802,-1.4155911599,1.2967110343,2.7123021942,-1.00660339371271,0.0991960327941927,0.109536399032545,1.23337144550813,0.885106588720931,0.209800603652574,-0.0244095546998662,1.23337099057706,1.1108396427834,3.01927350130211,9.65696854803548,6.38664868361364,8.12869832771472,3.54271764289551,-8.59535326565971e-17,13.3708975156678,2.09357022407915,-25.0307525865363,-25.0285813590019,1.2727642822394,-0.00260919367681318,2.09357201059927,-5.5660444905263,-13.3708975156678,0.00250772615282616,13.3043672991718,-1.36338323088016,1.36605372616835,2.72943695704852,-1.00631675946386,0.0991157505256917,0.110262830503536,1.25825058805609,0.893868732228967,0.229771172096344,-2.12410334100032e-06,1.25825058805609,1.12171673814772,3.02064459093483,613.168279838449,0.0192489624023438,4.39886474570968,9.69461225584415,6.41581510187651,8.16367608219379,3.54272240431862,0.169689512506332,13.476017,2.10043724546527,-25.0307481885943,-25.0285769588607,1.27243007358583,-0.00250645230726538,2.09357339778353,-5.5660444905263,-13.20042801,0.172065645,13.476017,-1.19374728,1.53587282,2.7296201,-1.00631753133148,0.0991157607035766,0.110262473053275,1.25825160023652,0.893869580973842,0.229772006182528,0.0694492498758806,1.25825293084946,1.12386564220727,3.02065621213105
08-Apr-2013 22:18:09,10.3177226174299,6.7794746560102,8.6685239307773,3.71565222436539,-0.0513350203071878,14.5391210308,2.14457930275035,-25.7056587190039,-25.7035520736774,1.27864242741765,-0.00179167189166615,2.14396663834754,-7.00847130698383,-14.5391210308,-0.0546853178,14.4163600212,-1.4388051175,1.3303271022,2.7691322197,-1.02598654844773,0.0983872067739958,0.101523455570707,1.26877161471519,0.897847179115941,0.238084375438562,-0.0194942865542797,1.26877178506368,1.12656542060187,3.02383465464315,9.97083751998337,6.54588871265132,8.37508182549364,3.74369988438159,6.88792417451286e-18,14.1713624071434,2.16492565474788,-25.3236672125352,-25.322600748327,1.27944152324298,-0.00254129154853178,2.1649275021582,-9.39945671760568,-14.1713624071434,-0.00265124469479734,14.001053941536,-1.3992518059046,1.39412966597963,2.79338147188423,-1.02644024080965,0.0983013167302608,0.101681390909932,1.2956662589897,0.907208765758574,0.259060049718688,1.28938877943599e-06,1.2956662589897,1.13827239609651,3.02656868226874,1012.40130952689,0.0192184448242188,4.69216135794493,9.94135458775269,6.52775740357161,8.35062496338632,3.7436962443307,0.177792123540455,14.17968655,2.17221408109341,-25.3236667692517,-25.3226003049346,1.27924866797552,-0.00255978234265997,2.16492770639677,-9.39945671760568,-13.99491501,0.17516054,14.17968655,-1.22159529,1.57203948,2.79363477,-1.02644033263788,0.0983013182032193,0.101681349934902,1.29566639280931,0.907209009541183,0.25906015704611,0.0673077404486333,1.29566582824589,1.14026047414389,3.02656892234813
09-Apr-2013 23:14:45,9.41709532317586,6.19864343506531,7.91290008991805,3.55336377695475,0.0733562902231773,15.2803736336,2.46511576180684,-24.8414809536749,-24.8414739840132,1.27655351897728,-0.00408941125609896,2.46402616376497,-28.0621155501868,-15.2803736336,0.0743403505,14.58752465,-1.5185062184,1.6660077723,3.1845139907,-1.00612619999235,0.105749093063027,0.0623236626715733,1.18353037746766,0.867615258814687,0.16854215062513,0.0383901145374513,1.18353081831348,1.08857824675579,3.01464808237885,9.61770083712634,6.32477944281171,8.07873234846121,3.56702833123048,-1.74623429776382e-17,15.7738857898995,2.49398195344613,-24.617485457987,-24.6174779075016,1.27731447736773,-0.00357602361914586,2.49398408165224,-27.8586866443914,-15.7738857898995,-0.000430291342805422,14.7742538904543,-1.60619936747715,1.607353897608,3.21355326508515,-1.00661450507997,0.105803834818545,0.0618912152244102,1.20708897020383,0.876003810261622,0.188252050888611,-4.27771175361702e-06,1.20708897020383,1.09867507030893,3.01598609774775,1340.45587097305,0.106758117675781,6.27647739526275,9.360215770722,6.15838775423109,7.86241602657152,3.56702841879173,0.30248343407082,15.4714613,2.51225838927898,-24.6174854557655,-24.6174779052802,1.27670038658571,-0.00357644371002671,2.49398408215351,-27.8586866443914,-15.4714613,0.302063955,15.07666683,-1.30374259,1.90984559,3.21358818,-1.00661450563978,0.105803834815167,0.0618912151560502,1.20708896996511,0.876003837800942,0.188252050656941,0.158394348388144,1.20709093444477,1.11003497419628,3.01598704676897
10-Apr-2013 23:14:07,10.0354846821802,6.54832853490758,8.41342740423211,3.90163873668196,0.103206481768448,16.8286060072,2.56990862897161,-27.2635038548383,-27.2635031021014,1.28482060107127,0.00320031168631824,2.56783761885641,-31.1411441158242,-16.130158961,0.0992648742,16.8286060072,-1.5387158946,1.7430051501,3.2817210447,-1.08568954509568,0.110145526019042,0.0758019502710025,1.33635553230076,0.921473485816324,0.28997951602448,0.0477072547699567,1.33635532725575,1.15699136932585,3.0321073823225,10.0594254109224,6.5593121417286,8.43241539101853,3.93003374408777,-1.02445745468811e-16,17.0717249621945,2.6026700046166,-28.1023108693752,-28.1023072211353,1.28556397512687,0.00297464560177957,2.6026722255702,-24.0348688462238,-16.7614335782394,-0.00507454371373497,17.0717249621945,-1.66011983620692,1.66239388633634,3.32251372254326,-1.08751172561632,0.110231569119476,0.0752339286692509,1.36610451047667,0.931466000902971,0.311996673645982,-2.51921297988191e-06,1.36610451047667,1.1688037384403,3.03546758640578,635.520824302029,0.10931396484375,6.86079783774999,10.1661638747818,6.6330181570575,8.52292061127314,3.93003429574522,0.332333625616091,17.40372849,2.62380232918291,-28.1023080048611,-28.1023043566187,1.28492345557728,0.00296613305664035,2.60267258500513,-24.0348688462238,-16.42943001,0.32716161,17.40372849,-1.32787424,1.99450946,3.3223837,-1.087511994932,0.110231562397803,0.0752338697421307,1.36610490731415,0.931465712651838,0.31199696496867,0.153191861538386,1.36610435834149,1.17880014136933,3.03547341922473
11-Apr-2013 23:13:58,11.3203910912897,7.39150431989305,9.49345627727952,3.91756112078609,-0.0639214662189939,17.1095984738,2.3147654027276,-19.4100828748956,-19.3951288827061,1.2843740416588,0.0009205429362904,2.3138846240562,-5.07700798497354,-16.4832351066,-0.067122761,17.1095984738,-1.5442451119,1.4194386236,2.9636837355,-1.04998200754536,0.101991776146396,0.0983280816995641,1.28663486966696,0.903660120796301,0.252090778541966,-0.0253597614158307,1.28663503210745,1.13458184091927,3.04003776091937,11.3856381295285,7.43212303134617,9.54835277169767,3.93334490061431,8.71176888551064e-17,17.3907781761713,2.33994756314217,-19.4123108197142,-19.3975425231318,1.28474094567945,0.00239356047047494,2.33994955990509,-5.19269557156516,-16.8552370087663,-0.00250294858917141,17.3907781761713,-1.49530731344281,1.49958752225231,2.99489483569512,-1.05017666225707,0.101977913591861,0.0982941184742596,1.31504047911823,0.913577798830105,0.273927072026181,2.31818480880853e-06,1.31504047911823,1.14675116515402,3.04175901718205,1225.869551399,0.0193634033203125,5.52651330213115,11.4665189137945,7.48722607663229,9.61775190067803,3.93329942675858,0.165205677628649,17.56335831,2.34577641041392,-19.4123033326629,-19.3975350105772,1.2845547606336,0.00231019912986286,2.33995371672431,-5.19269557156516,-16.68265724,0.16284247,17.56335831,-1.32996625,1.6648128,2.99477905,-1.05017896773475,0.101977912954007,0.0982931134888586,1.31504356405281,0.913579009586859,0.273929476687099,0.0654388559200229,1.31504318494402,1.14861794538568,3.04175570272253
12-Apr-2013 17:02:31,10.1488970718107,6.62728811270981,8.50730004282511,3.71360152630158,0.0704292028625611,17.4776189664,2.63722033343947,-18.3997023365758,-18.3995250469373,1.28367741044935,-0.00442894870139553,2.63628197957367,-24.3978433779253,-17.4776189664,0.0729968377999999,16.8850289106,-1.6075833017,1.7524427711,3.3600260728,-1.02791088403398,0.105709925076781,0.0598744676703862,1.22028755244772,0.880497815712373,0.199121396534116,0.0382736821728057,1.22028757715427,1.10532817265818,3.02389508409221,10.575978205583,6.89781153283334,8.86069277615326,3.73074960235728,-6.78120985631618e-17,18.4408404399882,2.67343350165636,-18.3202507485985,-18.3200897470192,1.28456579800371,-0.00495683983332559,2.67343578299504,-24.7187944068865,-18.4408404399882,0.00112219985524009,17.1603272428689,-1.70009723633283,1.702032808387,3.40213004471983,-1.02898339222935,0.10573523654438,0.0593503219441015,1.24582447039657,0.889612457018782,0.219832443434938,-8.12785850333151e-07,1.24582447039657,1.11616412063132,3.02348602216964,3023.99941733684,0.04052734375,7.20046478832469,10.3325747616279,6.74355818890574,8.65716624030147,3.73074949320867,0.299556346710204,18.14127541,2.69016369427128,-18.3202507960619,-18.3200897944843,1.28376830121284,-0.0049582786177528,2.6734357847423,-24.7187944068865,-18.14127541,0.30065495,17.45989227,-1.40056449,2.001591445,3.402155935,-1.02898339419854,0.105735236513726,0.0593503215096093,1.24582447339769,0.889612465765313,0.219832446104091,0.162876886617183,1.24582473153549,1.12798558745962,3.02348681834721
13-Apr-2013 17:02:10,10.5607287713987,6.73312965385939,8.79696323272378,4.58127411022962,-0.0388095667164544,16.9210589398,2.51310457538879,-23.1179213687761,-23.1170620033683,1.3065192094855,0.00533790078930235,2.51280703609176,-13.6298739987555,-16.9210589398,-0.0412123213,16.3880985942,-1.5904759234,1.511074304,3.1015502274,-1.02749068025271,0.102550435799435,0.0656270580834648,1.2426399652641,0.885889361101145,0.217274991372593,-0.017294666302441,1.24264045053807,1.11487103973604,3.12270173441709,10.6200351227782,6.75607397805286,8.8408714195306,4.65272341313274,1.23594583075062e-16,17.1768822642298,2.54243549138583,-22.9268493561888,-22.9260120757168,1.30858120385452,0.00640639153864465,2.54243766093911,-13.8028477117876,-17.1768822642298,-0.00656732672148261,16.8778716770907,-1.56467935788789,1.56232457838176,3.12700393626964,-1.02731554323926,0.102534410153119,0.0651974061506447,1.26836142132496,0.894892340628146,0.237762593944026,1.28271063503355e-07,1.26836142132496,1.12621456954227,3.12638296129283,1989.85559514881,0.0124664306640625,6.4938545595793,10.5216307846293,6.69461023768731,8.7585018236498,4.65272356480661,0.190317577131188,17.0682354,2.54954878536683,-22.9268493581126,-22.9260120776409,1.30829152298424,0.00640642298600372,2.54243766112438,-13.8028477117876,-16.98652458,0.18373768,17.0682354,-1.37436551,1.75265765,3.12702316,-1.02731554378513,0.102534410149212,0.0651974060637176,1.26836142084574,0.894892341413589,0.23776259338195,0.0847373098288749,1.26835909632361,1.12939689362461,3.12634995058254
14-Apr-2013 17:08:47,8.73093574775313,5.78439340635594,7.35068381478632,3.39737540310833,-0.0516561962319646,13.3601601958,2.30969079335436,-23.0788262168071,-23.0787424084539,1.27077867952573,-0.00149136453898395,2.30911504656821,-20.8631524043775,-13.3601601958,-0.0500103294000001,12.7289243434,-1.5561179193,1.4552202702,3.0113381895,-0.972582876490614,0.10118102171188,0.0744080400070672,1.1564066263154,0.857563642984353,0.14535100080008,-0.0272383027610857,1.15640654130648,1.07570743831129,3.01815455873733,8.65996820958413,5.73358353238378,7.28964570516594,3.41258467431205,-2.64748522144304e-16,13.3832977037336,2.33419424835159,-22.9439117337806,-22.9438218654589,1.27139434944889,-0.00116325951235924,2.334196240205,-20.7327795140412,-13.3832977037336,-0.00108093855319687,12.6568541367094,-1.52139613410614,1.52238160662899,3.04377774073512,-0.972026505408572,0.101143691173134,0.0741767610185382,1.17914287718046,0.865763607616997,0.164821417192324,-6.99528233581004e-07,1.17914287718046,1.08588252807196,3.02159180551639,950.88564412369,0.03875732421875,5.4651072238439,8.51906846894974,5.64121970743431,7.17132675855787,3.41259030580336,0.177470947615678,13.20570755,2.34093125864196,-22.9439114249949,-22.9438215566669,1.27123691869457,-0.00117110836640434,2.33419633261421,-20.7327795140412,-13.20570755,0.176360365,12.8339262,-1.34394556,1.69982898,3.04377454,-0.972026606236988,0.101143691254809,0.0741767270180359,1.17914300063893,0.865763236295793,0.164821522990232,0.0937797441012697,1.17914336651999,1.08992476552919,3.02160011919144
15-Apr-2013 22:55:24,9.83705146037738,6.42037004028487,8.24597970811885,3.82251687245719,0.123449246962992,13.2315186394,2.0608654261948,-24.5884263746106,-24.5883327592212,1.28434648725527,-0.0068148680149937,2.0571664519013,-21.0457657109217,-13.2315186394,0.1257616739,13.0639049596,-1.1883828877,1.4361501027,2.6245329904,-0.943753526244864,0.105751934940563,0.0730013688326336,1.03591944084229,0.811091027848864,0.0353270136306256,0.0635826089492699,1.03591975525107,1.0197846515013,3.02672980202645,10.0094305636784,6.51655882679943,8.38389310751789,3.86895796078347,-6.41062013312408e-16,13.5131419063944,2.07366222964511,-24.493218953449,-24.4931329714639,1.28655220191353,-0.0072412508899688,2.07366399917701,-21.3834715010192,-13.5131419063944,0.00340664845633529,12.9327073804221,-1.3177514237535,1.31617191291428,2.63392333666779,-0.942412162292507,0.105818550469987,0.0725704715728778,1.05247789660677,0.817525324202631,0.0511847528118447,1.94960401274754e-06,1.05247789660677,1.02590257840451,3.02948344076623,464.429093698053,0.04095458984375,4.3932021389159,9.67592519663954,6.31606405795661,8.11231115336774,3.86896064138454,0.352576390810635,13.2853508,2.10342242860312,-24.4932189814795,-24.4931329994949,1.28439342586279,-0.00718806570200875,2.07366418221972,-21.3834715010192,-13.16130924,0.35596946,13.2853508,-0.96527809,1.66860914,2.63388723,-0.942412328804656,0.105818546657691,0.0725704293404816,1.05247809739963,0.817525260177371,0.0511849477453184,0.181804346706797,1.05247916370532,1.04188780007787,3.0294825010193
16-Apr-2013 23:01:59,8.51565595905857,5.65358335296652,7.17371019503339,3.37451780440352,-0.030898222391494,12.4140983794,2.19579293420802,-23.6940665959903,-23.6940611530589,1.26887847001835,-0.0015741218502262,2.19557740398313,-30.004966016056,-12.4140983794,-0.0292711492,11.5439844742,-1.4698540926,1.4120113053,2.8818653979,-0.960661605758168,0.100001667994003,0.0815572735180134,1.13550887914855,0.849352174909324,0.127123917683796,-0.0163470078884616,1.13550892223403,1.06572707996032,3.02162433251646,8.53556090256252,5.66107072371311,7.18828370375597,3.39690026329443,1.44840433697855e-16,12.5548332468411,2.21774887818507,-23.6638886452929,-23.6638858777984,1.26977458056577,-0.000939405163580612,2.21775077067138,-31.3592727695789,-12.5548332468411,0.00107428432584858,11.8333825153799,-1.45083129574153,1.45210415957711,2.90293545531864,-0.959280126137462,0.0999407227738381,0.0812849947962753,1.15793816027999,0.857711907522643,0.146683390927017,6.82047801991152e-06,1.15793816027999,1.07607443241952,3.02236453943285,927.531347931746,0.105079650878906,4.95209216467791,8.36302116617698,5.55020033100488,7.04558754482053,3.39689207703798,0.198228921456149,12.35802364,2.2265905558336,-23.6638885452055,-23.663885777711,1.26942941238752,-0.000934935744251213,2.21775093104462,-31.3592727695789,-12.35802364,0.1993168,12.03148937,-1.25286436,1.650390505,2.903254865,-0.959280300017922,0.0999407234178761,0.0812849335504993,1.15793837255239,0.857712202764942,0.146683574196379,0.105106955740081,1.15793817025596,1.08119548009662,3.02236119381864
17-Apr-2013 23:01:20,12.5867899033207,8.01672143510655,10.4850041725444,4.76265919417925,-0.0414619810336323,18.6998104872,2.3326007568768,-23.9061164577052,-23.9061157253393,1.30789179309996,-0.00120604805596578,2.33223422456555,-31.355210539789,-18.6998104872,-0.0436717581,17.1891029738,-1.4818507706,1.3985059002,2.8803566708,-1.00892051013527,0.101152386441798,0.0755083108048865,1.228738964527,0.88139018505393,0.206022165387543,-0.0192551031536424,1.2287387955648,1.10865118838584,3.10104648259004,12.7372112054714,8.09708625842048,10.6058134278498,4.83001284759954,-1.23740102599875e-16,19.0996342064892,2.35882805208191,-23.7966185878949,-23.7966183025881,1.30983085635532,-0.0014142492755204,2.35883006495624,-32.2430667110422,-19.0996342064892,-0.00173132146996634,17.7144928344142,-1.45209437861228,1.45151435915143,2.90360873776371,-1.00899899666141,0.101121838223043,0.0751932767157694,1.25429622557698,0.890430821553683,0.226608469749344,-2.26708679065381e-06,1.25429622557698,1.11995271548002,3.1060348031612,900.283301710113,0.104698181152344,5.58538697661475,12.5637466705057,7.9920361272806,10.4637398781037,4.83000742068593,0.18766516281401,18.91140747,2.36628152936477,-23.7966183959871,-23.7966181106802,1.30927084305662,-0.00141577906896884,2.35883012506884,-32.2430667110422,-18.91140747,0.1859035,17.90213585,-1.26439476,1.63910615,2.90350091,-1.00899904851258,0.101121838370576,0.0751932604968711,1.25429628092339,0.890430764372771,0.226608512441177,0.0871275750108041,1.25429709801846,1.12333706948235,3.10603433520574
18-Apr-2013 23:08:03,10.6497933146044,6.87416200661412,8.90552254644277,4.33247894929807,-0.0687582704447967,15.5677713268,2.26467914370088,-23.9537877024056,-23.9528524028084,1.29550664326417,0.00131654358340512,2.26363704449973,-10.8411326662598,-14.846187424,-0.0707550618000001,15.5677713268,-1.4940272278,1.3538651742,2.847892402,-1.03389432371547,0.100900981825979,0.0978977153770728,1.27259000549442,0.897718890262856,0.241090306752092,-0.0297122812378012,1.27258975446281,1.12848145852162,3.07600928876877,10.7731277008466,6.94502739628367,9.00603476289575,4.37818171728076,9.72555490837908e-17,15.8877993108159,2.28765106374059,-23.8876760559669,-23.8868872543605,1.29676014924217,0.000441882917201183,2.287653015877,-11.5641957249684,-15.2759730625033,-0.00127876932813922,15.8877993108159,-1.43663001078345,1.43497916354492,2.87160917432837,-1.03439729433984,0.100852587588043,0.0980546417574005,1.299773330511,0.907144345387728,0.262226001724286,-1.27364175597653e-06,1.299773330511,1.14007504675224,3.07834933005571,481.32055544707,0.0189285278320312,5.22811270243197,10.8539465507849,6.99831364255852,9.07316520371459,4.37818762938235,0.160368873402846,16.04899597,2.29326617664033,-23.8876766834023,-23.8868878818409,1.29647879005285,0.000422580432708986,2.2876539320865,-11.5641957249684,-15.11418724,0.1588923,16.04899597,-1.27642375,1.59537137,2.87179512,-1.03439789243789,0.100852591505694,0.0980543944679685,1.29977412892114,0.907143989905012,0.262226625636468,0.0692312535144819,1.29977475620185,1.14217577647974,3.07834179914727
19-Apr-2013 23:07:47,11.4013309641962,7.39406974970724,9.54833055924973,4.25155999717322,-0.0850631899002833,16.5747093718,2.24162199341658,-22.6204318573484,-22.6192630928336,1.29134980903146,0.00398987926689993,2.24000937019405,-11.7028568539018,-16.5747093718,-0.0882462618999999,15.3784006736,-1.5042815439,1.334807735,2.8390892789,-1.05187163172616,0.0998280324869266,0.105342878628804,1.30780084837624,0.910731302955989,0.268381236901385,-0.0303122084177447,1.30780098122919,1.14399194893246,3.04881909806713,11.1759671385253,7.23609356285027,9.3552521635578,4.29737767761054,3.81261155011768e-17,16.3695349436034,2.26220609247561,-22.436513797046,-22.4344503872206,1.29285948036758,0.00214823524517607,2.26220802289888,-10.3353388159034,-16.3695349436034,-0.0022981990391808,15.4227090457106,-1.42996601170897,1.42908813320439,2.85905414491336,-1.05194008846186,0.0997643828003379,0.105509844870048,1.33576130550568,0.920285189361831,0.289535598361077,3.28317632162585e-09,1.33576130550568,1.15575041674254,3.05260293066056,1654.87086533274,0.0193939208984375,5.17064155153061,11.0550264866197,7.15830254129695,9.25333764094055,4.29739200688151,0.144063953947359,16.22636032,2.26678884084439,-22.4365136451807,-22.4344502352832,1.29267205284453,0.00210327842863042,2.26220820442891,-10.3353388159034,-16.22636032,0.141854945,15.56593323,-1.28583157,1.57312238,2.85895395,-1.05194016454566,0.0997643833759107,0.105509808451132,1.33576141146477,0.920285233715154,0.289535681098424,0.0511477823271154,1.33576121286724,1.15688159670696,3.05260254393374
20-Apr-2013 15:13:07,11.1220483957752,7.13541887623423,9.28621180674667,4.58163488552039,-0.0683033743809945,16.842181166,2.36036334490409,-24.2966718162417,-24.2966710212881,1.30142490130131,-0.00987717977636173,2.35937688160902,-30.6306124618097,-16.0074159812,-0.0711538825999999,16.842181166,-1.539025534,1.4046876384,2.9437131724,-1.06384485784706,0.100788442691946,0.0920088018592476,1.34697397250201,0.923807977051026,0.297894046553879,-0.0269433569452766,1.34697446897646,1.16090400749486,3.08601760911767,11.41002856293,7.30663393015585,9.52166157594254,4.63663729583957,-7.73921339467273e-17,17.4448117354655,2.38753055130729,-24.4064764714164,-24.4064756200925,1.3031529520926,-0.00940468595700203,2.38753258867452,-30.1350650079528,-16.1753735226039,-0.0033379744051613,17.4448117354655,-1.48710607517488,1.48474952407719,2.97185559925207,-1.06497922435931,0.100748974439319,0.0919016892806495,1.37664520489712,0.933782405221245,0.31968304738053,-1.65958294020512e-06,1.37664520489712,1.17330424674054,3.08896759492345,719.351362658055,0.0192718505859375,5.7181894680386,11.4864193004024,7.35668026619611,9.5849930814942,4.63663019186018,0.160823769466648,17.60411453,2.3929427259318,-24.4064731429356,-24.4064722916111,1.30289651509488,-0.00951147128508073,2.38753436275503,-30.1350650079528,-16.01783752,0.1576125,17.60411453,-1.32628071,1.645419,2.97169971,-1.06498018731302,0.100748981712745,0.0919013362026595,1.3766465462433,0.933784022621991,0.319684014984291,0.0632716762964555,1.37664540622246,1.17500909007674,3.08894502497681
21-Apr-2013 15:12:31,10.1022613368053,6.50793338112118,8.43015573520134,3.98250727736204,-0.0376048101877379,15.89437694,2.44230787397239,-24.0070288633302,-24.0070139709393,1.29536601583174,0.000932586647094506,2.44202043545692,-26.3233435426771,-15.89437694,-0.036279057,14.6440749282,-1.5627756237,1.4888558994,3.0516315231,-0.99326378704198,0.101211903522009,0.0670958406174796,1.19738463278265,0.870525045307906,0.18019008518607,-0.0203543775108497,1.19738496800614,1.09443922862247,3.06670154857271,9.92582552517711,6.38311320041188,8.27883275732421,4.02594874396972,-1.94529288108183e-16,15.7891555705478,2.4735822591285,-25.8891035260437,-25.8890990338386,1.29698980691585,0.00186287130325976,2.4735843699268,-28.572879466232,-15.7891555705478,-0.000475755754829985,14.9455008545126,-1.53905180597027,1.54186313538451,3.08091494135478,-0.993133057801946,0.101202846999938,0.0666927419473903,1.22190741375661,0.879327818857349,0.200463315243802,-7.4944130838559e-08,1.22190741375661,1.10539826685346,3.07095238006497,830.527920317974,0.106773376464844,6.12190221027025,9.77189490815613,6.28691372261879,8.15110245806231,4.02594739609516,0.191522333659905,15.59774303,2.48098569794001,-25.8891036057324,-25.8890991135275,1.29651889904845,0.00185825369352283,2.47358437728801,-28.5728794662321,-15.59774303,0.19106578,15.13683033,-1.34753275,1.73331296,3.08084571,-0.993133066118678,0.101202847023644,0.0666927396949189,1.22190742163476,0.879327743984387,0.200463323855997,0.103959325774214,1.22190578992127,1.11027530187133,3.07095259369039
22-Apr-2013 15:19:08,10.3255768522134,6.75268015112369,8.66264344054798,3.81472582006661,-0.0701248889779471,15.2236667682,2.25446288399528,-25.8490821171588,-25.8490518910489,1.28284521799933,-0.000249085457193457,2.25337392840415,-22.3431055690776,-15.2236667682,-0.0697042914,13.6677903336,-1.5155326552,1.3728409367,2.8883735919,-0.968932545135422,0.0983802871007464,0.076240740693354,1.17234791977214,0.862069919613477,0.159067937402963,-0.0378785144797188,1.17234797438673,1.08341162788369,3.05835757766465,10.7387628359529,7.01366684988044,9.0059566911352,3.85426175979184,-5.37161072595461e-16,15.9570528663127,2.27513698723582,-25.7590092763259,-25.7589790819804,1.28405823713864,-0.000352991551311817,2.27513892869351,-22.6491413770342,-15.9570528663127,0.00211061400570275,13.4571331346552,-1.45539266283811,1.45332509568664,2.90871775852475,-0.968197813947986,0.0983088121450884,0.0759829149169038,1.19482431529026,0.870239354621571,0.178057992678956,1.99804980652556e-06,1.19482431529026,1.09307926342155,3.06330938573123,771.065871928662,0.0386581420898438,5.19604275798216,10.599205288168,6.92657358925026,8.89169381964446,3.85426955836779,0.159002254869696,15.7973423,2.28068641680452,-25.759009225297,-25.7589790309512,1.28370740671029,-0.000355251712817372,2.27513903946814,-22.6491413770342,-15.7973423,0.16111965,13.61509705,-1.29627299,1.6123656,2.90863859,-0.968197949364489,0.0983088136782599,0.0759828770034221,1.19482446629172,0.870239406407697,0.178058108127649,0.0860554090356398,1.19482439914951,1.09646153302412,3.06330858799374
23-Apr-2013 15:18:30,10.2759372559989,6.65814840720414,8.59370962540165,3.90931578366126,-0.0561120069285594,16.139807329,2.42406842592104,-23.6528446558016,-23.6528313704921,1.2907056286254,-0.00412731234864332,2.4234209703335,-27.1154774320048,-16.139807329,-0.0576476926,14.403937907,-1.5810964874,1.4712730257,3.0523695131,-0.998231494766417,0.100057848747743,0.0693085903935111,1.21836620014771,0.878368911248455,0.197554454763699,-0.0301220729760019,1.21836651144934,1.10420639890325,3.07667231379425,10.031702013211,6.48784349910931,8.38410905406959,3.94533439381284,2.2213555462804e-16,15.8992774396311,2.45062591935423,-23.3686100695475,-23.3685962155787,1.29227979300373,-0.00532647904493187,2.45062801056305,-27.4108820388556,-15.8992774396311,-0.00119707068243177,14.3140971919288,-1.53899948761255,1.54258612444401,3.08158561205656,-0.997407543740398,0.100028816484427,0.0689353101638039,1.24311350507661,0.887011363804041,0.217662648416918,-3.94156801557552e-07,1.24311350507661,1.11494904972871,3.08179813042288,746.807895922939,0.105255126953125,6.03660996965348,9.89382560916575,6.40131024341759,8.27008431132918,3.94533437105591,0.173015136919083,15.726264,2.45672579549963,-23.3686100699687,-23.3685962159999,1.29193618132057,-0.00532644667966898,2.45062801057516,-27.4108820388556,-15.726264,0.171825685,14.48712158,-1.36599147,1.7156049,3.08159637,-0.997407543752683,0.100028816483921,0.0689353101678706,1.24311350515916,0.887011364186579,0.217662648410313,0.0932233951877183,1.24311261475203,1.11883917279387,3.08179387344159
24-Apr-2013 21:55:14,11.3554827699738,6.9734817273882,9.3378551106796,5.04404715874893,0.0398940966188246,21.7970437802,3.12570458091151,-23.6209312502935,-23.6209312510841,1.33905206548479,-0.00459244789447284,3.12545264877331,-39.7504310162322,-21.7970437802,0.0428579736,20.831141386,-1.7694165769,1.8492044155,3.6186209924,-1.06456879602384,0.105815214837183,0.0464282657944547,1.29944943106506,0.907333142711753,0.261974284550789,0.022560089847236,1.2994492273294,1.14015611529779,3.06276266182446,11.2682868143718,6.90542065302343,9.26017674179784,5.09365051863781,7.64462570354385e-17,21.925463154731,3.1751089841473,-24.0066073466783,-24.0066073483678,1.34100110725962,-0.004862031526853,3.17511169358403,-37.5485102166302,-21.925463154731,0.00250155581446068,21.4568482216561,-1.83156096965409,1.83434751332682,3.66590848298091,-1.0655998546375,0.105844214244602,0.0459962012169009,1.32741920187124,0.916989508318414,0.283270235675904,-3.37121426614446e-07,1.32741920187124,1.15213581508581,3.06382365960307,1363.8924077809,0.106826782226562,10.0754109402231,11.1095934188448,6.81809220392704,9.13353174500876,5.09364881070292,0.269021240466467,21.72575378,3.18648576906697,-24.0066082357759,-24.0066082374654,1.3396022628952,-0.00488961990557242,3.17511201915286,-37.5485102166302,-21.65893173,0.271607145,21.72575378,-1.56266862,2.10325575,3.66592437,-1.06560030463334,0.105844209344374,0.0459961312158436,1.32741987847025,0.916989302404847,0.283270740857256,0.15261733245891,1.32741864696938,1.16219982432854,3.06381692917301
25-Apr-2013 23:22:02,12.4008531570583,7.69764392057024,10.2543707776271,5.51445793546751,0.0293117878450336,22.5028677256,2.92334485172354,-27.1298868253456,-27.129882384464,1.33214407985598,0.0292839596099317,2.9232003908161,-26.6869727195949,-21.2207588004,0.0300199736,22.5028677256,-1.7082642066,1.757525845,3.4657900516,-1.12665574549263,0.108484792852808,0.066821159329556,1.43906887121713,0.953919792385762,0.364031254624392,0.0134851518680706,1.43906878320584,1.1996866993135,3.08768110912546,12.365132435324,7.65983052030003,10.216273185386,5.55659220528603,-3.6379881203413e-18,22.7113293881864,2.96499110887598,-27.1209409351625,-27.1209294136418,1.33374663555687,0.0295657225947267,2.96499363901144,-25.0711044414283,-21.6702089478942,-0.000903171585566631,22.7113293881864,-1.7583969031486,1.74670868920785,3.50510559235645,-1.12795391584463,0.10855069486108,0.0663756064099415,1.4717888304405,0.96478839149342,0.386513415475922,1.40268202482921e-07,1.4717888304405,1.21317200700525,3.08850576975868,1012.2200935708,0.103904724121094,8.84803681124599,12.4395611387395,7.71752915555659,10.2842970543805,5.55659409159959,0.258438931692676,22.9691658,2.97623310997954,-27.1209409626687,-27.1209294411481,1.33258933618357,0.0295543012836531,2.96499373476399,-25.0711044414283,-21.4116745,0.25748625,22.9691658,-1.49987835,2.00519097,3.50506932,-1.12795398964886,0.108550693568945,0.0663755893976315,1.47178895466028,0.964788074505684,0.386513503246951,0.118891830023994,1.47178826507813,1.21898360139347,3.08851129146332
